<?xml version="1.0" encoding="UTF-8"?>
<!DOCTYPE mapper PUBLIC "-//mybatis.org//DTD Mapper 3.0//EN" 
"http://mybatis.org/dtd/mybatis-3-mapper.dtd">
<mapper namespace="com.bookstore.mapper.BookMapper">
	<!-- 得到最新的12本书籍 -->
	<select id="getAllNewBooks" resultType="Book">
		select * from book order by pubdate desc limit 12
	</select>
 
	<!-- 得到全部书籍 -->	
	<select id="getAllBooks" resultType="Book">
		select * from book
	</select>
	
	<!-- 通过书籍的id得到一本书的全部属性 -->
	<select id="getBookById" parameterType="int" resultType="Book">
		select * from book where id =#{id}
	</select>
	
	<!-- 通过种类id得到一类的全部书籍 -->
	<select id="getBooksByBooktype" parameterType="int" resultType="Book">
		select * from book where booktype =#{type}
	</select>
</mapper>
